"iWine","Type","Color","Category","Size","Quantity","Vintage","Wine","Locale","Producer","Varietal","BeginConsume","EndConsume","CScore"
"4268943","Red","Red","Dry","750ml","2","2020","Bodegas AAlto Ribera del Duero AAlto","Spain, Castilla y León, Ribera del Duero","Bodegas AAlto","Tempranillo","2035","2080","91.7884615384615"
"4557662","Red","Red","Dry","750ml","1","2019","Bodegas y Viñedos Alión Ribera del Duero","Spain, Castilla y León, Ribera del Duero","Bodegas y Viñedos Alión","Tinto Fino","2025","2037","93"
"5010042","Red","Red","Dry","750ml","2","2020","Altesino Brunello di Montalcino Montosoli","Italy, Tuscany, Montalcino, Brunello di Montalcino","Altesino","Sangiovese","2028","2041","94.2"
"4589250","Red","Red","Dry","750ml","1","2019","Animo Cabernet Sauvignon","USA, California, Napa Valley","Animo","Cabernet Sauvignon","2025","2033","90"
"4839364","White - Sweet/Dessert","White","Sweet/Dessert","375ml","1","1001","Anselmann Ortega Eiswein","Germany, Pfalz","Anselmann","Ortega","9999","9999",""
"4361214","Red","Red","Dry","750ml","1","2021","Antinori Tignanello","Italy, Tuscany, Toscana IGT","Antinori","SuperTuscan Blend","2027","2044","93.6760563380282"
"3528623","Red","Red","Dry","750ml","2","2013","Arcanum Toscana IGT","Italy, Tuscany, Toscana IGT","Arcanum","Cabernet Franc","2020","2032","93"
"4593874","Red","Red","Dry","750ml","2","2020","Tenuta Argentiera Bolgheri Superiore","Italy, Tuscany, Bolgheri, Bolgheri Superiore","Tenuta Argentiera","SuperTuscan Blend","2025","2039","93.6666666666667"
"2656147","Red","Red","Dry","750ml","1","2016","Château d'Armailhac","France, Bordeaux, Médoc, Pauillac","Château d'Armailhac","Red Bordeaux Blend","2024","2039","91.7368421052632"
"5499788","Red","Red","Dry","750ml","1","2020","ATM Vineyards Cabernet Sauvignon Diamond & Key","USA, California, Napa Valley, St. Helena","ATM Vineyards","Cabernet Sauvignon","2028","2036",""
"4802527","White","White","Dry","750ml","1","2021","Au Bon Climat Hildegard","USA, California, Central Coast, Santa Maria Valley","Au Bon Climat","White Blend","2023","2029","91.4117647058823"
"2959309","Red","Red","Dry","750ml","1","2016","Château Batailley Lions de Batailley","France, Bordeaux, Médoc, Pauillac","Château Batailley","Red Bordeaux Blend","2022","2030","89.6666666666667"
"5236879","White","White","Dry","750ml","1","2017","Domaine Baud Génération 9 Château-Chalon Grand Cru des Vins Jaunes","France, Jura, Château-Chalon","Domaine Baud Génération 9","Savagnin","2033","2060",""
"4306230","Red","Red","Dry","750ml","1","2019","Domaine Belle Crozes-Hermitage Roche Pierre","France, Rhône, Northern Rhône, Crozes-Hermitage","Domaine Belle","Syrah","2023","2036","90.6666666666667"
"1949164","Red","Red","Dry","750ml","1","2013","Bergström Pinot Noir Bergström Vineyard","USA, Oregon, Willamette Valley, Dundee Hills","Bergström","Pinot Noir","2016","2027","92"
"4603665","Red","Red","Dry","750ml","1","2017","Tenuta Greppo (Biondi-Santi) Brunello di Montalcino","Italy, Tuscany, Montalcino, Brunello di Montalcino","Tenuta Greppo (Biondi-Santi)","Sangiovese","2025","2041","92.25"
"4271968","White - Sparkling","White","Sparkling","750ml","1","2015","Bollinger Champagne La Grande Année","France, Champagne","Bollinger","Champagne Blend","2025","2039","93.3904761904762"
"5040158","White - Sparkling","White","Sparkling","750ml","1","1001","Bollinger Champagne PN VZ19","France, Champagne","Bollinger","Pinot Noir","2027","2055","92.1904761904762"
"3661656","Red","Red","Dry","750ml","2","2019","Château Le Bon Pasteur","France, Bordeaux, Libournais, Pomerol","Château Le Bon Pasteur","Red Bordeaux Blend","2025","2038","92.3333333333333"
"4873228","White - Sparkling","White","Sparkling","750ml","1","2016","Bonnaire Champagne Grand Cru Cramant Blanc de Blancs Millésimé Terres des Buissons","France, Champagne, Champagne Grand Cru","Bonnaire","Chardonnay","2023","2031","93"
"3564965","Red","Red","Dry","750ml","1","2018","Bouchard Père et Fils Volnay 1er Cru Les Caillerets Ancienne Cuvée Carnot","France, Burgundy, Côte de Beaune, Volnay 1er Cru","Bouchard Père et Fils","Pinot Noir","2027","2037","91"
"5677449","White","White","Dry","750ml","1","2023","Domaine Jean-Marc / Thomas Bouley Bourgogne-Aligoté","France, Burgundy, Bourgogne-Aligoté","Domaine Jean-Marc / Thomas Bouley","Aligoté","2029","2034","92"
"5560647","White","White","Dry","750ml","2","2023","Vincent Bouzereau Corton Blanc","France, Burgundy, Côte de Beaune, Corton Grand Cru","Vincent Bouzereau","Chardonnay","2029","9999",""
"4050935","Red","Red","Dry","750ml","2","2017","Cain Vineyard & Winery Cain Five","USA, California, Napa Valley, Spring Mountain District","Cain Vineyard & Winery","Red Bordeaux Blend","2024","2033","91.9302325581395"
"881257","Red","Red","Dry","750ml","2","2006","Cain Vineyard & Winery Cain Five","USA, California, Napa Valley, Spring Mountain District","Cain Vineyard & Winery","Red Bordeaux Blend","2013","2024","91.8571428571429"
"2353273","Red","Red","Dry","750ml","1","2015","Château Calon-Ségur","France, Bordeaux, Médoc, Saint-Estèphe","Château Calon-Ségur","Red Bordeaux Blend","2027","2044","92.6829268292683"
"3471707","Red","Red","Dry","750ml","1","2016","Casanova di Neri Brunello di Montalcino Tenuta Nuova","Italy, Tuscany, Montalcino, Brunello di Montalcino","Casanova di Neri","Sangiovese","2025","2042","93.8677685950413"
"3182730","Red","Red","Dry","750ml","1","2015","Casanova di Neri Brunello di Montalcino Tenuta Nuova","Italy, Tuscany, Montalcino, Brunello di Montalcino","Casanova di Neri","Sangiovese","2024","2040","93.8918918918919"
"3985910","Red","Red","Dry","750ml","1","2019","Castellare di Castellina I Sodi di S. Niccolò Toscana IGT","Italy, Tuscany, Toscana IGT","Castellare di Castellina","Sangiovese Blend","2025","2038","92.7096774193548"
"4229796","Red","Red","Dry","750ml","1","2018","Castellare di Castellina I Sodi di S. Niccolò Toscana IGT","Italy, Tuscany, Toscana IGT","Castellare di Castellina","Sangiovese Blend","2024","2038","92.15625"
"4946768","White","White","Dry","750ml","1","2022","Domaine du Chalet Pouilly Mâcon-Solutré","France, Burgundy, Mâconnais, Mâcon-Solutré","Domaine du Chalet Pouilly","Chardonnay","2026","2030",""
"3848412","White","White","Dry","750ml","1","2019","Château de Chamirey Mercurey 1er Cru La Mission","France, Burgundy, Côte Chalonnaise, Mercurey 1er Cru","Château de Chamirey","Chardonnay","2023","2029","92"
"4215372","Red","Red","Dry","750ml","1","2020","Domaine Chandon de Briailles Savigny-lès-Beaune Aux Fournaux","France, Burgundy, Côte de Beaune, Savigny-lès-Beaune","Domaine Chandon de Briailles","Pinot Noir","2027","2060","89.3333333333333"
"5269778","Red","Red","Dry","750ml","2","2023","Domaine Chanson Beaune 1er Cru Bressandes","France, Burgundy, Côte de Beaune, Beaune 1er Cru","Domaine Chanson","Pinot Noir","2030","2038",""
"3561216","Red","Red","Dry","750ml","1","2018","Domaine Chanson Beaune 1er Cru Bressandes","France, Burgundy, Côte de Beaune, Beaune 1er Cru","Domaine Chanson","Pinot Noir","2025","2033","92"
"4922720","White","White","Dry","750ml","1","2022","Domaine Chanson Beaune 1er Cru Clos des Mouches Blanc","France, Burgundy, Côte de Beaune, Beaune 1er Cru","Domaine Chanson","Chardonnay","2027","2034",""
"5236723","Red","Red","Dry","750ml","1","2023","Domaine Chanson Beaune 1er Cru Clos du Roi","France, Burgundy, Côte de Beaune, Beaune 1er Cru","Domaine Chanson","Pinot Noir","2029","2042","93"
"5236703","White","White","Dry","750ml","2","2023","Domaine Chanson Chassagne-Montrachet 1er Cru Les Chenevottes","France, Burgundy, Côte de Beaune, Chassagne-Montrachet 1er Cru","Domaine Chanson","Chardonnay","2027","2035","92.3333333333333"
"4857242","White","White","Dry","750ml","1","2022","Domaine Chanson Corton-Vergennes Blanc","France, Burgundy, Côte de Beaune, Corton Grand Cru","Domaine Chanson","Chardonnay","2029","2039",""
"4207411","White","White","Dry","750ml","1","2020","Domaine Chanson Corton-Vergennes Blanc","France, Burgundy, Côte de Beaune, Corton Grand Cru","Domaine Chanson","Chardonnay","2027","2037","92.5"
"5236699","White","White","Dry","750ml","2","2023","Domaine Chanson Pernand-Vergelesses 1er Cru En Caradeux Blanc","France, Burgundy, Côte de Beaune, Pernand-Vergelesses 1er Cru","Domaine Chanson","Chardonnay","2027","2033","92.5"
"4318308","Red","Red","Dry","750ml","3","2020","Chappellet Cabernet Sauvignon Signature","USA, California, Napa Valley","Chappellet","Cabernet Sauvignon","2024","2034","91.8"
"5242261","White","White","Dry","750ml","1","2023","François Chidaine Les Argiles","France, Loire Valley, Vin de France","François Chidaine","Chenin Blanc","2027","2035","92"
"4622187","White - Sparkling","White","Sparkling","750ml","1","2018","Gaston Chiquet Champagne Premier Cru Millésime Or","France, Champagne, Champagne Premier Cru","Gaston Chiquet","Champagne Blend","2023","2031","92.5"
"5087654","Red","Red","Dry","750ml","2","2022","Cirq Pinot Noir Russian River Valley","USA, California, Sonoma County, Russian River Valley","Cirq","Pinot Noir","2025","2033","93.6666666666667"
"4876921","Red","Red","Dry","750ml","1","2019","Claudia Ferrero Brunello di Montalcino","Italy, Tuscany, Montalcino, Brunello di Montalcino","Claudia Ferrero","Sangiovese","2026","2036","91"
"4505106","Rosé","Rosé","Dry","750ml","1","2021","Clos Cibonne Tibouren Côtes de Provence Cuvée Tradition Rosé Cru Classé","France, Provence, Côtes de Provence","Clos Cibonne","Tibouren","2023","2029","91.225"
"4481934","Red","Red","Dry","750ml","1","2021","Clos des Papes Châteauneuf-du-Pape","France, Rhône, Southern Rhône, Châteauneuf-du-Pape","Clos des Papes","Red Rhone Blend","2027","2043","93.75"
"145927","Red","Red","Dry","750ml","1","1996","Clos du Clocher","France, Bordeaux, Libournais, Pomerol","Clos du Clocher","Red Bordeaux Blend","2003","2016","83"
"5368451","Red","Red","Dry","750ml","1","2021","Clos Saint Sebastien Collioure Le Clos","France, Languedoc Roussillon, Roussillon, Collioure","Clos Saint Sebastien","Grenache Blend","2028","2033","89"
"867362","Red","Red","Dry","750ml","1","2009","Château Cos d'Estournel Les Pagodes de Cos","France, Bordeaux, Médoc, Saint-Estèphe","Château Cos d'Estournel","Red Bordeaux Blend","2017","2030","92.0507246376812"
"1369420","White - Sweet/Dessert","White","Sweet/Dessert","375ml","1","2011","Château Coutet Barsac","France, Bordeaux, Sauternais, Barsac","Château Coutet","Sémillon-Sauvignon Blanc Blend","2015","2040","92.3098591549296"
"4231560","Red","Red","Dry","750ml","1","2020","Domaine Yves Cuilleron Côte-Rôtie Coteaux de Bassenon","France, Rhône, Northern Rhône, Côte-Rôtie","Domaine Yves Cuilleron","Syrah","2026","2035","91.1666666666667"
"5054390","Red","Red","Dry","750ml","2","2022","DeLille Cellars D2","USA, Washington, Columbia Valley","DeLille Cellars","Red Bordeaux Blend","2026","2032","88.6538461538462"
"2716987","White - Sweet/Dessert","White","Sweet/Dessert","375ml","1","2015","Dolce Winery Late Harvest","USA, California, Napa Valley","Dolce Winery","Sémillon-Sauvignon Blanc Blend","2023","2031","93.45"
"4796320","Red","Red","Dry","750ml","1","2021","Double Diamond (Schrader) Proprietary Red","USA, California, Napa Valley, Oakville","Double Diamond (Schrader)","Red Blend","2025","2036","92.4705882352941"
"4538049","Red","Red","Dry","750ml","1","2021","David Duband Nuits-Saint-Georges","France, Burgundy, Côte de Nuits, Nuits-Saint-Georges","David Duband","Pinot Noir","2026","2033","89.7777777777778"
"2636003","Red","Red","Dry","750ml","1","2013","Edge Hill Abel 1833 Mt. Veeder","USA, California, Napa Valley, Mt. Veeder","Edge Hill","Cabernet Sauvignon","2020","2031","92.5"
"5618540","White - Sparkling","White","Sparkling","750ml","1","2020","Egly-Ouriet Champagne Grand Cru Extra Brut","France, Champagne, Champagne Grand Cru","Egly-Ouriet","Champagne Blend","2030","2037",""
"4051021","Red","Red","Dry","750ml","1","2017","El Enemigo Cabernet Franc Gran Enemigo Chacayes","Argentina, Mendoza, Valle de Uco, Chacayes","El Enemigo","Cabernet Franc","2024","2031","92.9655172413793"
"4168423","Red","Red","Dry","750ml","1","2020","Faiveley Gevrey-Chambertin Vieilles Vignes","France, Burgundy, Côte de Nuits, Gevrey-Chambertin","Faiveley","Pinot Noir","2024","2032","90.6363636363636"
"5319865","Red","Red","Dry","750ml","1","2015","Faustini Secret Veil","USA, California, Napa Valley","Faustini","Cabernet Sauvignon","2025","2033","92.75"
"4052079","Red","Red","Dry","750ml","1","2019","Domaine Jean Féry & fils Vosne-Romanée Aux Réas","France, Burgundy, Côte de Nuits, Vosne-Romanée","Domaine Jean Féry & fils","Pinot Noir","2024","2031","92"
"5245644","White","White","Dry","750ml","1","2023","Domaine Fontaine-Gagnard Chassagne-Montrachet","France, Burgundy, Côte de Beaune, Chassagne-Montrachet","Domaine Fontaine-Gagnard","Chardonnay","2026","2032","90.7142857142857"
"3746757","Red","Red","Dry","750ml","1","2015","La Fortuna Brunello di Montalcino Riserva","Italy, Tuscany, Montalcino, Brunello di Montalcino","La Fortuna","Sangiovese","2023","2041","91.7272727272727"
"4577093","Red","Red","Dry","750ml","1","2019","Fortunate Son The Diplomat","USA, California, Napa Valley","Fortunate Son","Cabernet Sauvignon","2025","2035","93.6428571428571"
"5875341","Rosé","Rosé","Dry","750ml","1","2024","Weingut Frank Rosé Herrnbaumgarten","Austria, Wien","Weingut Frank","Rosé Blend","9999","9999",""
"4255691","Red","Red","Dry","750ml","1","2018","Fratelli Degani Amarone della Valpolicella Classico","Italy, Veneto, Valpolicella, Amarone della Valpolicella Classico","Fratelli Degani","Corvina Blend","2024","2031","89"
"4679228","Red","Red","Dry","750ml","1","2019","Elena Fucci Aglianico del Vulture Superiore Titolo Riserva","Italy, Basilicata, Aglianico del Vulture Superiore","Elena Fucci","Aglianico","2028","2040","92.6666666666667"
"4095528","Red","Red","Dry","750ml","1","2017","G. Poggi Amarone della Valpolicella Classico Corte dei Castaldi","Italy, Veneto, Valpolicella, Amarone della Valpolicella Classico","G. Poggi","Corvina Blend","2022","2028","89"
"5734247","White - Sparkling","White","Sparkling","750ml","1","2021","Genevieve Chardonnay Blanc de Blancs Brut Cap Classique","South Africa, Cape South Coast, Overberg","Genevieve","Chardonnay","2026","2027","90"
"4720873","White - Sparkling","White","Sparkling","750ml","1","2016","Pierre Gimonnet & Fils Champagne Special Club Grands Terroirs de Chardonnay","France, Champagne","Pierre Gimonnet & Fils","Chardonnay","2024","2037","92.6486486486486"
"3763188","Red","Red","Dry","750ml","1","2017","Giulia Negri Barolo La Tartufaia","Italy, Piedmont, Langhe, Barolo","Giulia Negri","Nebbiolo","2024","2036","90.5"
"4729389","Red","Red","Dry","750ml","3","2018","Giuliano Rosati Amarone della Valpolicella","Italy, Veneto, Valpolicella, Amarone della Valpolicella","Giuliano Rosati","Corvina Blend","2024","2031",""
"3280957","Red","Red","Dry","750ml","4","2018","Gracia","France, Bordeaux, Libournais, Saint-Émilion Grand Cru","Gracia","Red Bordeaux Blend","2026","2041","91.1875"
"4112510","Red","Red","Dry","750ml","2","2020","Bibi Graetz Testamatta Toscana IGT","Italy, Tuscany, Toscana IGT","Bibi Graetz","Sangiovese","2024","2038","91.2741935483871"
"3970988","Red","Red","Dry","750ml","1","2020","Château Grand-Puy-Lacoste","France, Bordeaux, Médoc, Pauillac","Château Grand-Puy-Lacoste","Red Bordeaux Blend","2028","2046","93.2105263157895"
"4894159","Red","Red","Dry","750ml","1","2022","Jean-Michel Guillon Gevrey-Chambertin 1er Cru Champonnets","France, Burgundy, Côte de Nuits, Gevrey-Chambertin 1er Cru","Jean-Michel Guillon","Pinot Noir","2029","2038","93.5"
"3902799","Red","Red","Dry","750ml","2","2019","Jean-Michel Guillon Gevrey-Chambertin Cuvée Père Galland","France, Burgundy, Côte de Nuits, Gevrey-Chambertin","Jean-Michel Guillon","Pinot Noir","2024","2033","91.6"
"3279091","Red","Red","Dry","750ml","1","2018","Château Haut-Brion Le Clarence de Haut-Brion","France, Bordeaux, Graves, Pessac-Léognan","Château Haut-Brion","Red Bordeaux Blend","2022","2037","92.5"
"1599794","Red","Red","Dry","750ml","1","2011","Hospices de Beaune Corton-Cuvée Docteur Peste Bouchard Père et Fils","France, Burgundy, Côte de Beaune, Corton Grand Cru","Hospices de Beaune","Pinot Noir","2017","2024",""
"34911","White - Sweet/Dessert","White","Sweet/Dessert","750ml","1","1989","Domaine Huet Vouvray Cuvée Constance","France, Loire Valley, Touraine, Vouvray","Domaine Huet","Chenin Blanc","2007","2075","95.8"
"3984534","White - Sweet/Dessert","White","Sweet/Dessert","750ml","2","2020","Domaine Huet Vouvray Moelleux Le Mont","France, Loire Valley, Touraine, Vouvray","Domaine Huet","Chenin Blanc","2030","2100","91.8"
"2103406","White","White","Dry","750ml","1","2014","Domaine Huet Vouvray Sec Clos du Bourg","France, Loire Valley, Touraine, Vouvray","Domaine Huet","Chenin Blanc","2017","2045","92.2307692307692"
"4354859","White","White","Dry","750ml","1","2021","Domaine Huet Vouvray Sec Le Haut-Lieu","France, Loire Valley, Touraine, Vouvray","Domaine Huet","Chenin Blanc","2022","2070","91.2564102564103"
"4618642","Red","Red","Dry","750ml","2","2020","Isole e Olena Cepparello Toscana IGT","Italy, Tuscany, Toscana IGT","Isole e Olena","Sangiovese","2027","2041","93.1"
"4639292","Red","Red","Dry","750ml","2","2022","Château d'Issan","France, Bordeaux, Médoc, Margaux","Château d'Issan","Red Bordeaux Blend","2029","2049","93.6176470588235"
"4217174","Red","Red","Dry","750ml","1","2020","Paul Jaboulet Aîné Hermitage La Chapelle","France, Rhône, Northern Rhône, Hermitage","Paul Jaboulet Aîné","Syrah","2027","2043","93.5"
"4494975","White","White","Dry","750ml","1","2021","Domaine de la Janasse Châteauneuf-du-Pape Blanc","France, Rhône, Southern Rhône, Châteauneuf-du-Pape","Domaine de la Janasse","White Rhone Blend","2024","2031","90.5"
"4252286","Red","Red","Dry","750ml","3","2020","Domaine de la Janasse Châteauneuf-du-Pape Vieilles Vignes","France, Rhône, Southern Rhône, Châteauneuf-du-Pape","Domaine de la Janasse","Red Rhone Blend","2025","2041","93.8518518518518"
"4919220","White","White","Dry","750ml","1","2023","Weingut Keller Riesling von der Fels","Germany, Rheinhessen","Weingut Keller","Riesling","2026","2035","90.7777777777778"
"4759419","Red","Red","Dry","750ml","2","2022","Kelley Fox Wines Pinot Noir Maresh Vineyard Golden-Crowned Sparrow Blocks","USA, Oregon, Willamette Valley, Dundee Hills","Kelley Fox Wines","Pinot Noir","2033","2080","91.6153846153846"
"5320409","White","White","Dry","750ml","1","2022","Kvaszinger Furmint Tokaji Hatalos D&#369;l&#337;","Hungary, Tokaji","Kvaszinger","Furmint","9999","9999",""
"4784929","White - Sweet/Dessert","White","Sweet/Dessert","750ml","2","2019","Kvaszinger Tokaji Szamorodni Édes Sweet","Hungary, Tokaji","Kvaszinger","Furmint","2024","2030","91"
"3989681","Red","Red","Dry","375ml","1","2020","Château Lafite Rothschild Carruades de Lafite","France, Bordeaux, Médoc, Pauillac","Château Lafite Rothschild","Red Bordeaux Blend","2038","2040","94.7777777777778"
"4809513","White","White","Dry","750ml","1","2022","Lamblin & Fils Chablis Grand Cru Les Clos","France, Burgundy, Chablis, Chablis Grand Cru","Lamblin & Fils","Chardonnay","2025","2037","90"
"1647961","White - Sparkling","White","Sparkling","750ml","1","1001","Larmandier-Bernier Longitude","France, Champagne, Champagne Premier Cru","Larmandier-Bernier","Chardonnay","2026","2045","91.0406504065041"
"4676164","Red","Red","Dry","750ml","1","2019","Louis Latour Corton-Perrières","France, Burgundy, Côte de Beaune, Corton Grand Cru","Louis Latour","Pinot Noir","2028","2040","94"
"356835","Red","Red","Dry","750ml","1","2006","Château Léoville Las Cases","France, Bordeaux, Médoc, Saint-Julien","Château Léoville Las Cases","Red Bordeaux Blend","2019","2036","93.1353383458647"
"4312870","Red","Red","Dry","750ml","1","2021","Château Léoville Poyferré","France, Bordeaux, Médoc, Saint-Julien","Château Léoville Poyferré","Red Bordeaux Blend","2029","2049","92.56"
"4348316","White","White","Dry","750ml","1","2014","R. López de Heredia Rioja Blanco Reserva Viña Tondonia","Spain, La Rioja, La Rioja Alta, Rioja","R. López de Heredia","White Blend","2027","2047","94.2380952380952"
"4883177","White","White","Dry","750ml","1","2013","R. López de Heredia Rioja Blanco Reserva Viña Tondonia","Spain, La Rioja, La Rioja Alta, Rioja","R. López de Heredia","White Blend","2026","2038","93.3793103448276"
"4525734","White","White","Dry","750ml","1","2017","R. López de Heredia Rioja Blanco Viña Gravonia","Spain, La Rioja, La Rioja Alta, Rioja","R. López de Heredia","Viura","2031","2075","91.6896551724138"
"3512948","Rosé","Rosé","Dry","750ml","1","2010","R. López de Heredia Rioja Rosado Gran Reserva Viña Tondonia","Spain, La Rioja, La Rioja Alta, Rioja","R. López de Heredia","Grenache Blend","2021","2034","92.7981651376147"
"5352863","White","White","Dry","750ml","1","2024","Château Lynch-Bages Blanc de Lynch-Bages","France, Bordeaux","Château Lynch-Bages","Sémillon-Sauvignon Blanc Blend","2028","2034","92.75"
"5277292","Red","Red","Dry","750ml","1","2021","M. Marengo Barolo Brunate","Italy, Piedmont, Langhe, Barolo","M. Marengo","Nebbiolo","2030","2042",""
"3533373","Red","Red","Dry","750ml","1","2011","Marqués de Murrieta Rioja Castillo Ygay Gran Reserva Especial","Spain, La Rioja, La Rioja Alta, Rioja","Marqués de Murrieta","Tempranillo Blend","2024","2040","94.4576271186441"
"4967336","Red","Red","Dry","750ml","2","2020","Château Martet Merlot Réserve de la Famille","France, Bordeaux","Château Martet","Merlot","2027","2036","93"
"323024","Red - Fortified","Red","Fortified","750ml","1","1985","Mas Amiel Maury Vintage","France, Languedoc Roussillon, Roussillon, Maury","Mas Amiel","Grenache","2005","2025","88.7777777777778"
"2582356","Red","Red","Dry","750ml","2","2014","Mas Martinet Priorat Clos Martinet","Spain, Catalunya, Priorat","Mas Martinet","Grenache Blend","2021","2029","93.6363636363636"
"5535977","Red","Red","Dry","750ml","1","2022","Bartolo Mascarello Barolo","Italy, Piedmont, Langhe, Barolo","Bartolo Mascarello","Nebbiolo","2035","2052","91"
"4701265","Red","Red","Dry","750ml","1","2020","Bartolo Mascarello Barolo","Italy, Piedmont, Langhe, Barolo","Bartolo Mascarello","Nebbiolo","2045","2090","93.6190476190476"
"1704224","Rosé - Sparkling","Rosé","Sparkling","750ml","1","1001","Maysara Winery Pinot Noir Sparkling Rosé Momtazi Vineyard","USA, Oregon, Willamette Valley","Maysara Winery","Pinot Noir","2017","2019","89.4444444444444"
"4104918","Red","Red","Dry","750ml","2","2019","Marchesi Mazzei Castello di Fonterutoli Concerto Toscana IGT","Italy, Tuscany, Toscana IGT","Marchesi Mazzei","SuperTuscan Blend","2024","2036","92.4137931034483"
"4420451","White - Off-dry","White","Dry","750ml","1","2020","Markus Molitor Wehlener Klosterberg Riesling Spätlese (Green Capsule)","Germany, Mosel Saar Ruwer","Markus Molitor","Riesling","2025","2037","90.2"
"3836447","White - Sweet/Dessert","White","Sweet/Dessert","750ml","1","2019","Markus Molitor Zeltinger Sonnenuhr Riesling Auslese *** (Golden Capsule)","Germany, Mosel Saar Ruwer","Markus Molitor","Riesling","2026","2074","95.25"
"3556198","Red","Red","Dry","750ml","1","2017","Robert Mondavi Winery Cabernet Sauvignon The Reserve To-Kalon Vineyard","USA, California, Napa Valley, Oakville","Robert Mondavi Winery","Cabernet Sauvignon","2023","2035","93.12"
"4301048","White","White","Dry","750ml","1","2021","Château Mouton Rothschild Aile D'Argent Blanc","France, Bordeaux","Château Mouton Rothschild","Sémillon-Sauvignon Blanc Blend","2025","2034","92"
"4525626","Red","Red","Dry","750ml","1","2018","Chateau Musar","Lebanon, Bekaa Valley","Chateau Musar","Red Blend","2026","2038","91.2898550724638"
"4025232","Red","Red","Dry","750ml","1","2015","Chateau Musar","Lebanon, Bekaa Valley","Chateau Musar","Red Blend","2024","2037","91.5769230769231"
"3874498","Red","Red","Dry","750ml","1","2019","Domaine Michel Niellon Chassagne-Montrachet Rouge","France, Burgundy, Côte de Beaune, Chassagne-Montrachet","Domaine Michel Niellon","Pinot Noir","2023","2032","90"
"3486213","Red","Red","Dry","750ml","1","2019","Château Palmer Alter Ego","France, Bordeaux, Médoc, Margaux","Château Palmer","Red Bordeaux Blend","2025","2039","92.3802816901408"
"5047570","White","White","Dry","750ml","1","2022","Pascal Clément Pernand-Vergelesses Les Belles Filles","France, Burgundy, Côte de Beaune, Pernand-Vergelesses","Pascal Clément","Chardonnay","9999","9999",""
"4365135","Red","Red","Dry","750ml","1","2017","Pecci Celestino Brunello di Montalcino Poggio al Carro","Italy, Tuscany, Montalcino, Brunello di Montalcino","Pecci Celestino","Sangiovese","2026","2036","94"
"4737264","Red","Red","Dry","750ml","1","2022","Fattoria Petrolo Galatrona","Italy, Tuscany, Val d'Arno di Sopra","Fattoria Petrolo","Merlot","2027","2041","91.9230769230769"
"508970","Red","Red","Dry","750ml","1","2005","Château de Pibarnon Bandol","France, Provence, Bandol","Château de Pibarnon","Mourvèdre Blend","2012","2021","90.2708333333333"
"2117535","Red","Red","Dry","750ml","1","2015","Château Pontet-Canet","France, Bordeaux, Médoc, Pauillac","Château Pontet-Canet","Red Bordeaux Blend","2025","2045","94.2857142857143"
"4284166","Red","Red","Dry","750ml","1","2018","Guido Porro Barolo Gianetto","Italy, Piedmont, Langhe, Barolo","Guido Porro","Nebbiolo","2026","2034","90.6"
"4918924","Red","Red","Dry","750ml","1","2022","Prisoner Wine Company The Prisoner Cabernet Sauvignon","USA, California","Prisoner Wine Company","Cabernet Sauvignon","2026","2031","89.1428571428571"
"4034023","White - Off-dry","White","Dry","750ml","1","2020","Joh. Jos. Prüm Graacher Himmelreich Riesling Spätlese","Germany, Mosel Saar Ruwer","Joh. Jos. Prüm","Riesling","2028","2075","91.4"
"2594463","Red","Red","Dry","750ml","1","2016","Château Rauzan-Ségla","France, Bordeaux, Médoc, Margaux","Château Rauzan-Ségla","Red Bordeaux Blend","2025","2045","93.6039603960396"
"5096099","Red","Red","Dry","750ml","1","2022","Ridge Botticelli Vineyard Rockpile","USA, California, Sonoma County, Rockpile","Ridge","Zinfandel Blend","2025","2031","90.2941176470588"
"4531364","Red","Red","Dry","750ml","1","2021","Ridge Botticelli Vineyard Rockpile","USA, California, Sonoma County, Rockpile","Ridge","Zinfandel Blend","2023","2029","90.5769230769231"
"4913020","Red","Red","Dry","750ml","1","2021","Ridge Cabernet Sauvignon Estate","USA, California, Santa Cruz Mountains","Ridge","Cabernet Sauvignon","2027","2038","91.4473684210526"
"4839368","Red","Red","Dry","750ml","1","1001","Ridge Carignane Buchignani Ranch","USA, California, Sonoma County","Ridge","Carignane","9999","9999",""
"4839369","Red","Red","Dry","750ml","1","1001","Ridge Carignane Gonsalves","USA, California, San Francisco Bay, Contra Costa County","Ridge","Carignane","9999","9999",""
"4839370","Red","Red","Dry","750ml","2","1001","Ridge Carignane Sandy Lane Vineyard","USA, California, San Francisco Bay, Contra Costa County","Ridge","Carignane","9999","9999",""
"3890953","Red","Red","Dry","750ml","1","2019","Ridge Geyserville","USA, California, Sonoma County, Alexander Valley","Ridge","Zinfandel Blend","2023","2033","91.395"
"3543985","Red","Red","Dry","750ml","1","2019","Ridge Monte Bello","USA, California, Santa Cruz Mountains","Ridge","Red Bordeaux Blend","2028","2047","95"
"5124296","Red","Red","Dry","750ml","1","2022","Ridge Pagani Ranch Norma's Block Pagani Ranch","USA, California, Sonoma County, Sonoma Valley","Ridge","Zinfandel Blend","2025","2035","92.1428571428571"
"4660253","Red","Red","Dry","750ml","1","2020","Ridge Syrah/Grenache Lytton Estate","USA, California, Sonoma County, Dry Creek Valley","Ridge","Red Rhone Blend","2026","2031","90"
"4938255","Red","Red","Dry","750ml","1","2021","Ridge Syrah/Grenache/Mataro Lytton Estate","USA, California, Sonoma County, Dry Creek Valley","Ridge","Red Rhone Blend","2024","2031","89.7826086956522"
"4973249","Red","Red","Dry","750ml","1","2023","Ridge Three Valleys","USA, California, Sonoma County","Ridge","Zinfandel Blend","2025","2032","90.2151898734177"
"4531358","Red","Red","Dry","750ml","1","2021","Ridge Zinfandel Benito Dusi","USA, California, Central Coast, Paso Robles","Ridge","Zinfandel","2023","2031","91.16"
"4145613","Red","Red","Dry","750ml","1","2015","La Rioja Alta Rioja 904 Gran Reserva 'Selección Especial'","Spain, La Rioja, La Rioja Alta, Rioja","La Rioja Alta","Tempranillo Blend","2023","2085","93.625"
"4864061","Red","Red","Dry","750ml","1","2016","La Rioja Alta Rioja Gran Reserva 904","Spain, La Rioja, La Rioja Alta, Rioja","La Rioja Alta","Tempranillo Blend","2026","2042","93.5769230769231"
"2441588","Red","Red","Dry","750ml","1","2014","Domaine Joseph Roty Marsannay Champs Saint Etienne","France, Burgundy, Côte de Nuits, Marsannay","Domaine Joseph Roty","Pinot Noir","2019","2040","90"
"3603379","Red","Red","Dry","750ml","1","2018","Roger Sabon Châteauneuf-du-Pape Cuvée Prestige","France, Rhône, Southern Rhône, Châteauneuf-du-Pape","Roger Sabon","Red Rhone Blend","2022","2031","91.7727272727273"
"3296981","White","White","Dry","750ml","1","2018","Domaine Saint Préfert Châteauneuf-du-Pape Blanc","France, Rhône, Southern Rhône, Châteauneuf-du-Pape","Domaine Saint Préfert","White Rhone Blend","2021","2028","91.5333333333333"
"5174029","Red","Red","Dry","750ml","1","2018","San Biagio Barolo Pria Capalot","Italy, Piedmont, Langhe, Barolo","San Biagio","Nebbiolo","2026","2032",""
"4549625","Red","Red","Dry","750ml","1","2018","San Filippo Brunello di Montalcino Le Lucere","Italy, Tuscany, Montalcino, Brunello di Montalcino","San Filippo","Sangiovese","2026","2038","91.9166666666667"
"4881579","Red","Red","Dry","750ml","1","2022","Tenuta San Guido Guidalberto Toscana IGT","Italy, Tuscany, Toscana IGT","Tenuta San Guido","Red Bordeaux Blend","2026","2035","90.1333333333333"
"5641990","White - Sparkling","White","Sparkling","750ml","1","2023","Schramsberg Vineyards Blanc de Blancs","USA, California, North Coast","Schramsberg Vineyards","Chardonnay","2027","2032","90.2222222222222"
"4857993","Red","Red","Dry","750ml","1","2019","Podere Scopetone Brunello di Montalcino","Italy, Tuscany, Montalcino, Brunello di Montalcino","Podere Scopetone","Sangiovese","2026","2036","86.75"
"5844589","Red","Red","Dry","750ml","1","2022","Sean Minor Pinot Noir Invited Series Roberts Road Vineyard","USA, California, Sonoma County, Sonoma Coast","Sean Minor","Pinot Noir","9999","9999",""
"4516095","Red","Red","Dry","750ml","1","2020","Domaine Serguier Châteauneuf-du-Pape","France, Rhône, Southern Rhône, Châteauneuf-du-Pape","Domaine Serguier","Red Rhone Blend","2024","2031","90.25"
"4156469","Red","Red","Dry","750ml","1","2019","Domaine Serguier Châteauneuf-du-Pape Revelation","France, Rhône, Southern Rhône, Châteauneuf-du-Pape","Domaine Serguier","Red Rhone Blend","2023","2029",""
"3810896","White","White","Dry","750ml","1","2019","Château Simone Palette Blanc","France, Provence, Palette","Château Simone","White Rhone Blend","2023","2034","91.6"
"4310644","Rosé","Rosé","Dry","750ml","1","2021","Château Simone Palette Rosé","France, Provence, Palette","Château Simone","Rosé Blend","2024","2031","92.8214285714286"
"3978925","Red","Red","Dry","750ml","1","2020","Château Smith Haut Lafitte","France, Bordeaux, Graves, Pessac-Léognan","Château Smith Haut Lafitte","Red Bordeaux Blend","2029","2053","95.2368421052632"
"4407584","Red","Red","Dry","750ml","1","2019","Spring Mountain Vineyard Elivette","USA, California, Napa Valley, Spring Mountain District","Spring Mountain Vineyard","Red Bordeaux Blend","2027","2039","92.0769230769231"
"2301597","Red","Red","Dry","750ml","3","2013","Spring Mountain Vineyard Elivette","USA, California, Napa Valley, Spring Mountain District","Spring Mountain Vineyard","Red Bordeaux Blend","2022","2034","92.1932773109244"
"733643","Red","Red","Dry","750ml","2","2004","Spring Mountain Vineyard Elivette","USA, California, Napa Valley, Spring Mountain District","Spring Mountain Vineyard","Red Bordeaux Blend","2015","2026","92.4216216216216"
"4938867","Red","Red","Dry","750ml","2","2020","Stag's Leap Wine Cellars Cabernet Sauvignon Fay Hillside","USA, California, Napa Valley, Stags Leap District","Stag's Leap Wine Cellars","Cabernet Sauvignon","2026","2035","90.2857142857143"
"4427342","White - Sparkling","White","Sparkling","750ml","1","2012","Taittinger Champagne Comtes de Champagne Blanc de Blancs Brut","France, Champagne","Taittinger","Chardonnay","2030","2080","94.2107623318386"
"3550425","Red","Red","Dry","750ml","1","2015","Tassi Brunello di Montalcino","Italy, Tuscany, Montalcino, Brunello di Montalcino","Tassi","Sangiovese","2024","2030","91.3684210526316"
"4319387","Red","Red","Dry","750ml","1","2015","Terre Nere Brunello di Montalcino Capriolo Riserva","Italy, Tuscany, Montalcino, Brunello di Montalcino","Terre Nere","Sangiovese","2021","2030","93.8333333333333"
"4321632","Red","Red","Dry","750ml","1","2020","Tenuta delle Terre Nere Etna Rosso Vecchie Vigne Calderara Sottana","Italy, Sicily, Etna DOC","Tenuta delle Terre Nere","Nerello Blend","2024","2032","92.5"
"3634318","Red","Red","Dry","750ml","1","2019","Tertre Rôteboeuf","France, Bordeaux, Libournais, Saint-Émilion Grand Cru","Tertre Rôteboeuf","Red Bordeaux Blend","2025","2045","96"
"3612059","Red","Red","Dry","750ml","1","2017","The Debate Cabernet Sauvignon Sacrashe","USA, California, Napa Valley, Rutherford","The Debate","Cabernet Sauvignon","2023","2033","92.7777777777778"
"4923133","Red","Red","Dry","750ml","1","2022","Domaine Tollot-Beaut Corton-Bressandes","France, Burgundy, Côte de Beaune, Corton Grand Cru","Domaine Tollot-Beaut","Pinot Noir","2031","2043","92.1666666666667"
"5693807","White - Sparkling","White","Sparkling","750ml","1","1001","Totus Tuus Cava Brut Reserva","Spain, Cava","Totus Tuus","Macabeo-Xarello-Parellada Blend","9999","9999",""
"5819149","Red","Red","Dry","750ml","1","1988","Château Tour des Termes","France, Bordeaux, Médoc, Saint-Estèphe","Château Tour des Termes","Red Bordeaux Blend","1994","2003",""
"34117","Red","Red","Dry","750ml","1","1989","Château TrotteVieille","France, Bordeaux, Libournais, Saint-Émilion Grand Cru","Château TrotteVieille","Red Bordeaux Blend","1998","2013","90.0555555555556"
"3834953","Red","Red","Dry","750ml","1","2019","Domaine Raymond Usseglio & Fils Châteauneuf-du-Pape Cuvée Impériale","France, Rhône, Southern Rhône, Châteauneuf-du-Pape","Domaine Raymond Usseglio & Fils","Red Rhone Blend","2024","2035","91.4090909090909"
"3019169","Red","Red","Dry","750ml","1","2015","Tenuta Valleselle (Tinazzi) Amarone della Valpolicella Classico Aureum Acinum","Italy, Veneto, Valpolicella, Amarone della Valpolicella Classico","Tenuta Valleselle (Tinazzi)","Corvina Blend","2019","2027","89.6666666666667"
"4849301","Red","Red","Dry","750ml","2","2022","Domaine de la Vieille Julienne Châteauneuf-du-Pape Les Trois Sources","France, Rhône, Southern Rhône, Châteauneuf-du-Pape","Domaine de la Vieille Julienne","Red Rhone Blend","2026","2042","92.75"
"4852575","Red","Red","Dry","750ml","1","2019","Vivaltus Ribera del Duero","Spain, Castilla y León, Ribera del Duero","Vivaltus","Tempranillo Blend","2027","2040","93"
"4858606","White","White","Dry","750ml","1","2022","Wohlmuth Riesling Dr. Wunsch","Austria, Styria, Südsteiermark","Wohlmuth","Riesling","2026","2035","91"
"2167","White - Sweet/Dessert","White","Sweet/Dessert","750ml","1","1996","Château d'Yquem","France, Bordeaux, Sauternais, Sauternes","Château d'Yquem","Sémillon-Sauvignon Blanc Blend","2011","2046","94.3805774278215"
